transaction_id,customer_id,timestamp,amount,payment_method,device_id,location,failed_attempts,account_age_days,previous_chargebacks,transaction_status,is_fraud
TX10258,C1018,2026-06-06 23:36:55,17311.03,Wallet,DEV_5819,Hyderabad,2,439,0,historical,1
TX10349,C1033,2026-06-07 00:50:55,643.32,Wallet,DEV_5162,Chennai,0,807,0,historical,0
TX10212,C1037,2026-06-07 01:44:55,5219.93,Debit Card,DEV_5819,Noida,0,271,0,historical,0
TX10154,C1018,2026-06-07 07:38:55,29955.45,Netbanking,DEV_6291,Hyderabad,5,439,0,historical,1
TX10478,C1006,2026-06-07 17:45:55,3823.64,Credit Card,DEV_7357,Pune,1,194,0,historical,1
TX10183,C1024,2026-06-07 19:11:55,5877.81,Debit Card,DEV_9980,Ahmedabad,1,612,0,historical,0
TX10481,C1000,2026-06-07 19:30:55,8854.24,Wallet,DEV_FRAUD_BURST_99,London,2,452,0,historical,1
TX10253,C1011,2026-06-07 20:16:55,876.35,Wallet,DEV_2444,Noida,0,170,0,historical,0
TX10213,C1020,2026-06-07 23:29:55,11118.12,Credit Card,DEV_FRAUD_BURST_99,London,2,875,0,historical,1
TX10087,C1012,2026-06-08 03:16:55,8767.77,Debit Card,DEV_FRAUD_BURST_99,New York,2,864,0,historical,1
TX10328,C1021,2026-06-08 11:45:55,1328.91,UPI,DEV_8161,Jaipur,0,157,0,historical,0
TX10498,C1018,2026-06-08 13:43:55,6767.63,Netbanking,DEV_6291,Hyderabad,0,439,0,historical,0
TX10425,C1026,2026-06-08 20:35:55,1093.44,Wallet,DEV_1293,Ahmedabad,0,206,0,historical,0
TX10106,C1001,2026-06-09 03:35:55,13715.56,Credit Card,DEV_7359,Ahmedabad,4,499,0,historical,1
TX10284,C1025,2026-06-09 06:25:55,10841.66,Debit Card,DEV_8670,Bengaluru,1,218,0,historical,0
TX10337,C1025,2026-06-09 17:38:55,17819.26,Debit Card,DEV_FRAUD_BURST_99,London,2,218,0,historical,1
TX10268,C1016,2026-06-09 21:48:55,435.86,Credit Card,DEV_8823,Hyderabad,0,548,0,historical,0
TX10108,C1007,2026-06-10 05:55:55,1051.17,Wallet,DEV_1483,Bengaluru,0,608,0,historical,0
TX10184,C1001,2026-06-10 06:57:55,3620.69,UPI,DEV_7359,Ahmedabad,0,499,0,historical,0
TX10509,C1026,2026-06-10 07:34:55,681.8,Netbanking,DEV_1293,Ahmedabad,0,206,0,historical,0
TX10134,C1037,2026-06-10 08:32:55,16291.02,Wallet,DEV_FRAUD_BURST_99,London,2,271,0,historical,1
TX10140,C1029,2026-06-10 08:56:55,4676.17,Wallet,DEV_5197,Gurugram,0,892,0,historical,0
TX10037,C1024,2026-06-10 09:18:55,3531.1,Wallet,DEV_9980,Ahmedabad,0,612,0,historical,0
TX10274,C1002,2026-06-10 11:02:55,7489.71,UPI,DEV_2802,Bengaluru,1,834,0,historical,0
TX10128,C1012,2026-06-10 11:05:55,9686.39,Debit Card,DEV_8670,New York,3,864,0,historical,1
TX10251,C1035,2026-06-10 11:52:55,8102.51,Netbanking,DEV_9508,Gurugram,3,657,0,historical,1
TX10147,C1037,2026-06-10 12:27:55,5588.84,Debit Card,DEV_9499,Noida,0,271,0,historical,0
TX10199,C1030,2026-06-10 13:36:55,948.83,Debit Card,DEV_2547,Gurugram,0,6,0,historical,0
TX10029,C1009,2026-06-10 20:50:55,8237.61,UPI,DEV_FRAUD_BURST_99,New York,2,292,0,historical,1
TX10275,C1000,2026-06-10 22:46:55,5091.73,Credit Card,DEV_6033,Gurugram,1,452,0,historical,0
TX10435,C1008,2026-06-10 23:34:55,19677.02,UPI,DEV_3966,London,3,556,0,historical,1
TX10146,C1022,2026-06-11 00:06:55,4799.51,Wallet,DEV_2802,Hyderabad,0,260,0,historical,0
TX10186,C1014,2026-06-11 02:29:55,9125.61,Debit Card,DEV_8823,Noida,1,832,0,historical,0
TX10394,C1028,2026-06-11 08:56:55,14026.69,UPI,DEV_9508,New York,3,121,0,historical,1
TX10000,C1032,2026-06-11 10:32:55,2041.33,UPI,DEV_4196,Bengaluru,0,605,0,historical,0
TX10033,C1009,2026-06-11 22:46:55,1809.52,Credit Card,DEV_4873,Bengaluru,0,292,0,historical,0
TX10269,C1013,2026-06-11 23:23:55,4185.21,UPI,DEV_9196,Pune,0,881,0,historical,0
TX10272,C1002,2026-06-12 05:43:55,13768.45,Wallet,DEV_2802,Bengaluru,5,834,0,historical,1
TX10503,C1011,2026-06-12 07:28:55,998.76,Debit Card,DEV_2444,Noida,0,170,0,historical,0
TX10406,C1036,2026-06-12 10:33:55,4833.52,Credit Card,DEV_1055,Gurugram,1,631,0,historical,0
TX10360,C1008,2026-06-12 11:44:55,3326.35,Netbanking,DEV_8759,Jaipur,0,556,0,historical,0
TX10227,C1008,2026-06-12 14:53:55,3492.78,Debit Card,DEV_8759,Jaipur,0,556,0,historical,0
TX10173,C1006,2026-06-12 18:03:55,6727.06,Netbanking,DEV_5162,London,3,194,0,historical,1
TX10113,C1025,2026-06-13 09:02:55,8604.39,Credit Card,DEV_8670,Bengaluru,1,218,0,historical,0
TX10279,C1026,2026-06-13 22:45:55,1924.61,Debit Card,DEV_1293,Ahmedabad,0,206,0,historical,0
TX10454,C1016,2026-06-14 02:23:55,833.97,Wallet,DEV_8823,Hyderabad,0,548,0,historical,0
TX10283,C1038,2026-06-14 14:09:55,20977.85,Netbanking,DEV_2034,Noida,1,798,0,historical,1
TX10010,C1035,2026-06-14 16:40:55,6097.03,Netbanking,DEV_FRAUD_BURST_99,London,2,657,0,historical,1
TX10379,C1003,2026-06-14 17:32:55,8041.1,Netbanking,DEV_4873,Delhi,2,267,0,historical,1
TX10202,C1035,2026-06-14 20:29:55,5772.9,Wallet,DEV_9508,Gurugram,3,657,0,historical,1
TX10097,C1006,2026-06-15 00:18:55,4104.25,Credit Card,DEV_5808,Pune,2,194,0,historical,1
TX10320,C1035,2026-06-15 02:41:55,3260.53,Netbanking,DEV_9508,Gurugram,1,657,0,historical,0
TX10115,C1028,2026-06-15 04:29:55,3274.71,Debit Card,DEV_7359,Chennai,0,121,0,historical,0
TX10396,C1007,2026-06-15 05:38:55,6015.27,Credit Card,DEV_1483,Bengaluru,5,608,0,historical,1
TX10006,C1006,2026-06-15 07:00:55,3820.29,UPI,DEV_8002,Pune,2,194,0,historical,1
TX10042,C1006,2026-06-15 09:52:55,1454.09,Credit Card,DEV_3966,Pune,0,194,0,historical,0
TX10162,C1014,2026-06-15 09:56:55,5220.62,Debit Card,DEV_8823,Noida,0,832,0,historical,0
TX10412,C1007,2026-06-15 14:28:55,2369.82,Credit Card,DEV_1483,Bengaluru,1,608,0,historical,0
TX10376,C1001,2026-06-15 16:13:55,4810.89,Netbanking,DEV_7359,Jaipur,1,499,0,historical,0
TX10130,C1012,2026-06-15 17:58:55,8357.61,Wallet,DEV_9160,Mumbai,3,864,0,historical,1
TX10076,C1018,2026-06-15 21:06:55,5979.89,Credit Card,DEV_6291,Hyderabad,0,439,0,historical,0
TX10211,C1030,2026-06-16 00:05:55,8295.14,UPI,DEV_2547,Gurugram,3,6,0,historical,1
TX10514,C1003,2026-06-16 11:39:55,6181.96,UPI,DEV_6528,Delhi,3,267,0,historical,1
TX10144,C1029,2026-06-16 15:16:55,12197.65,Netbanking,DEV_8759,Gurugram,2,892,0,historical,1
TX10011,C1001,2026-06-16 21:36:55,12664.03,Debit Card,DEV_7359,Ahmedabad,4,499,0,historical,1
TX10070,C1021,2026-06-16 22:48:55,7382.46,UPI,DEV_FRAUD_BURST_99,New York,2,157,0,historical,1
TX10431,C1024,2026-06-17 02:44:55,5236.1,Credit Card,DEV_5808,Ahmedabad,1,612,0,historical,1
TX10086,C1023,2026-06-17 10:35:55,24588.68,Netbanking,DEV_8823,Noida,2,458,0,historical,1
TX10417,C1016,2026-06-17 19:01:55,1496.58,Netbanking,DEV_8823,Delhi,1,548,0,historical,0
TX10139,C1025,2026-06-18 07:15:55,4520.41,UPI,DEV_8670,Bengaluru,0,218,0,historical,0
TX10215,C1028,2026-06-18 16:47:55,1985.19,Credit Card,DEV_2357,Chennai,0,121,0,historical,0
TX10437,C1016,2026-06-18 19:05:55,1673.76,Wallet,DEV_8823,Hyderabad,1,548,0,historical,0
TX10254,C1010,2026-06-18 20:13:55,9880.03,Credit Card,DEV_9194,New York,3,105,0,historical,1
TX10418,C1003,2026-06-19 04:10:55,1889.42,Wallet,DEV_3776,Delhi,0,267,0,historical,0
TX10446,C1018,2026-06-19 04:20:55,8975.69,Credit Card,DEV_6291,Hyderabad,1,439,0,historical,0
TX10092,C1036,2026-06-19 04:28:55,5074.04,Wallet,DEV_1055,Bengaluru,1,631,0,historical,0
TX10520,C1027,2026-06-19 10:34:55,15148.5,Netbanking,DEV_4479,Chennai,1,646,0,historical,1
TX10342,C1012,2026-06-19 18:24:55,3607.83,UPI,DEV_9194,Mumbai,0,864,0,historical,0
TX10103,C1030,2026-06-19 23:47:55,1171.74,UPI,DEV_2547,Gurugram,0,6,0,historical,0
TX10491,C1001,2026-06-20 01:14:55,1682.66,Wallet,DEV_7359,Ahmedabad,0,499,0,historical,0
TX10084,C1010,2026-06-20 06:11:55,8718.14,Wallet,DEV_FRAUD_BURST_99,New York,2,105,0,historical,1
TX10028,C1004,2026-06-20 08:40:55,12115.2,Wallet,DEV_1374,New York,4,310,0,historical,1
TX10398,C1035,2026-06-20 09:48:55,3168.04,Debit Card,DEV_1388,Gurugram,3,657,0,historical,1
TX10191,C1001,2026-06-20 12:59:55,11339.57,UPI,DEV_7359,Ahmedabad,4,499,0,historical,1
TX10413,C1010,2026-06-20 17:07:55,4669.57,UPI,DEV_6528,Jaipur,3,105,0,historical,1
TX10018,C1012,2026-06-20 18:44:55,2663.05,Credit Card,DEV_7536,Mumbai,0,864,0,historical,0
TX10345,C1020,2026-06-20 23:03:55,5729.65,Netbanking,DEV_3149,Mumbai,1,875,0,historical,0
TX10259,C1024,2026-06-21 00:05:55,16917.2,Debit Card,DEV_9980,Ahmedabad,4,612,0,historical,1
TX10401,C1005,2026-06-21 05:10:55,1184.83,Wallet,DEV_1597,Kolkata,0,54,0,historical,0
TX10088,C1027,2026-06-21 05:36:55,31087.04,Wallet,DEV_1762,Chennai,3,646,0,historical,1
TX10143,C1000,2026-06-21 06:58:55,2212.67,Debit Card,DEV_6033,Gurugram,0,452,0,historical,0
TX10240,C1038,2026-06-21 19:05:55,10101.72,Wallet,DEV_9200,Noida,1,798,0,historical,0
TX10317,C1026,2026-06-22 09:57:55,5546.66,Wallet,DEV_2444,Ahmedabad,1,206,0,historical,1
TX10461,C1021,2026-06-22 13:02:55,4878.28,Credit Card,DEV_3966,Jaipur,3,157,0,historical,1
TX10020,C1026,2026-06-22 13:21:55,1962.75,Debit Card,DEV_1293,Ahmedabad,0,206,0,historical,0
TX10334,C1017,2026-06-22 14:31:55,5423.83,Debit Card,DEV_3724,Pune,3,601,0,historical,1
TX10343,C1031,2026-06-22 20:00:55,1038.8,Netbanking,DEV_8449,Delhi,0,209,0,historical,0
TX10248,C1029,2026-06-22 23:14:55,2042.13,UPI,DEV_5197,Mumbai,0,892,0,historical,0
TX10326,C1012,2026-06-23 02:27:55,9242.59,UPI,DEV_4167,Mumbai,3,864,0,historical,1
TX10168,C1025,2026-06-23 05:56:55,5066.78,Debit Card,DEV_8670,Bengaluru,0,218,0,historical,0
TX10217,C1018,2026-06-23 07:29:55,17477.72,UPI,DEV_6033,Hyderabad,1,439,0,historical,1
TX10448,C1019,2026-06-24 12:17:55,1216.73,Wallet,DEV_6968,Noida,0,776,0,historical,0
TX10221,C1021,2026-06-24 16:05:55,658.43,UPI,DEV_8161,Jaipur,0,157,0,historical,0
TX10075,C1002,2026-06-25 04:22:55,3147.81,Debit Card,DEV_2802,Bengaluru,0,834,0,historical,0
TX10026,C1018,2026-06-25 16:50:55,6529.89,UPI,DEV_6291,Hyderabad,0,439,0,historical,0
TX10265,C1010,2026-06-25 17:44:55,8513.67,UPI,DEV_9160,London,4,105,0,historical,1
TX10067,C1021,2026-06-25 23:00:55,5459.37,Debit Card,DEV_FRAUD_BURST_99,New York,2,157,0,historical,1
TX10060,C1026,2026-06-26 04:29:55,5244.64,Debit Card,DEV_FRAUD_BURST_99,New York,2,206,0,historical,1
TX10419,C1023,2026-06-26 16:15:55,6909.21,Netbanking,DEV_8823,Bengaluru,1,458,0,historical,0
TX10329,C1019,2026-06-26 21:33:55,1777.88,Wallet,DEV_6968,Noida,0,776,0,historical,0
TX10257,C1006,2026-06-27 00:55:55,8285.31,UPI,DEV_FRAUD_BURST_99,New York,2,194,0,historical,1
TX10111,C1024,2026-06-27 01:50:55,3728.86,UPI,DEV_9918,Ahmedabad,0,612,0,historical,0
TX10369,C1013,2026-06-27 03:51:55,24039.11,Credit Card,DEV_6968,New York,1,881,0,historical,1
TX10132,C1035,2026-06-27 04:39:55,4044.58,UPI,DEV_9200,Gurugram,2,657,0,historical,1
TX10179,C1024,2026-06-27 05:56:55,4865.53,Netbanking,DEV_9980,Ahmedabad,1,612,0,historical,0
TX10456,C1008,2026-06-27 07:18:55,10681.67,Wallet,DEV_3566,Jaipur,1,556,0,historical,1
TX10382,C1028,2026-06-27 11:39:55,11554.2,Debit Card,DEV_3966,New York,1,121,0,historical,1
TX10069,C1013,2026-06-27 14:10:55,19116.97,Wallet,DEV_FRAUD_BURST_99,New York,2,881,0,historical,1
TX10145,C1020,2026-06-27 17:48:55,4944.4,Credit Card,DEV_7536,Mumbai,1,875,0,historical,1
TX10180,C1002,2026-06-27 19:38:55,2744.26,Wallet,DEV_2802,Bengaluru,0,834,0,historical,0
TX10404,C1014,2026-06-27 21:01:55,4847.84,Debit Card,DEV_8823,Noida,0,832,0,historical,0
TX10214,C1035,2026-06-28 01:05:55,3192.03,Wallet,DEV_9508,Gurugram,1,657,0,historical,0
TX10318,C1008,2026-06-28 02:48:55,2894.32,Netbanking,DEV_8759,Jaipur,0,556,0,historical,0
TX10344,C1009,2026-06-28 03:54:55,2112.45,Wallet,DEV_4873,Bengaluru,0,292,0,historical,0
TX10373,C1034,2026-06-28 04:16:55,2693.22,Wallet,DEV_1483,Delhi,0,715,2,historical,0
TX10201,C1025,2026-06-28 08:34:55,13084.74,Wallet,DEV_4873,Bengaluru,3,218,0,historical,1
TX10062,C1004,2026-06-28 08:57:55,2567.55,Netbanking,DEV_3149,Pune,0,310,0,historical,0
TX10246,C1031,2026-06-28 11:45:55,851.63,Wallet,DEV_8449,Delhi,0,209,0,historical,0
TX10023,C1035,2026-06-28 14:02:55,7548.83,Wallet,DEV_2547,New York,1,657,0,historical,1
TX10441,C1013,2026-06-28 14:46:55,28902.59,Debit Card,DEV_9196,Pune,5,881,0,historical,1
TX10098,C1002,2026-06-29 09:49:55,4331.63,Netbanking,DEV_2802,Ahmedabad,1,834,0,historical,0
TX10314,C1026,2026-06-29 18:07:55,1889.25,Wallet,DEV_1293,Ahmedabad,0,206,0,historical,0
TX10393,C1024,2026-06-30 12:47:55,9558.02,Netbanking,DEV_FRAUD_BURST_99,London,2,612,0,historical,1
TX10156,C1027,2026-06-30 15:00:55,38486.33,Wallet,DEV_1762,Chennai,3,646,0,historical,1
TX10119,C1015,2026-06-30 19:14:55,1228.66,Credit Card,DEV_5265,Chennai,0,264,0,historical,0
TX10117,C1007,2026-07-01 00:17:55,8332.37,UPI,DEV_1483,Bengaluru,3,608,0,historical,1
TX10101,C1023,2026-07-01 05:15:55,13715.91,Wallet,DEV_3233,New York,3,458,0,historical,1
TX10463,C1030,2026-07-01 07:25:55,5591.47,Wallet,DEV_1429,Gurugram,1,6,0,historical,1
TX10422,C1017,2026-07-01 10:01:55,4869.21,Wallet,DEV_4026,Mumbai,1,601,0,historical,0
TX10525,C1031,2026-07-01 15:48:55,2895.28,Wallet,DEV_2965,Delhi,3,209,0,historical,1
TX10049,C1031,2026-07-01 16:32:55,769.77,Credit Card,DEV_8449,Delhi,0,209,0,historical,0
TX10353,C1011,2026-07-02 00:00:55,1798.41,UPI,DEV_2444,Noida,0,170,0,historical,0
TX10190,C1000,2026-07-02 04:45:55,10040.69,Debit Card,DEV_6033,Gurugram,2,452,0,historical,1
TX10409,C1014,2026-07-02 06:17:55,4105.57,Debit Card,DEV_8823,Noida,0,832,0,historical,0
TX10027,C1038,2026-07-02 10:02:55,4202.09,Credit Card,DEV_9200,Noida,0,798,0,historical,0
TX10022,C1004,2026-07-02 12:42:55,13096.38,Debit Card,DEV_3149,Pune,3,310,0,historical,1
TX10325,C1014,2026-07-02 20:20:55,4516.78,UPI,DEV_8823,Noida,1,832,0,historical,0
TX10013,C1001,2026-07-02 23:08:55,2742.02,Netbanking,DEV_7359,Ahmedabad,0,499,0,historical,0
TX10198,C1000,2026-07-03 08:09:55,9775.62,Netbanking,DEV_9196,London,2,452,0,historical,1
TX10303,C1017,2026-07-03 08:43:55,4777.46,Debit Card,DEV_4026,Pune,1,601,0,historical,0
TX10494,C1010,2026-07-03 08:55:55,5044.64,UPI,DEV_7279,Jaipur,2,105,0,historical,1
TX10402,C1001,2026-07-03 09:14:55,9026.7,Debit Card,DEV_4196,London,4,499,0,historical,1
TX10053,C1025,2026-07-03 17:53:55,7690.19,Debit Card,DEV_8670,Bengaluru,1,218,0,historical,0
TX10055,C1025,2026-07-04 02:59:55,20889.17,Debit Card,DEV_FRAUD_BURST_99,New York,2,218,0,historical,1
TX10072,C1016,2026-07-04 07:45:55,648.88,Wallet,DEV_8823,Hyderabad,0,548,0,historical,0
TX10332,C1006,2026-07-04 10:47:55,2082.82,Debit Card,DEV_7764,Pune,0,194,0,historical,0
TX10052,C1036,2026-07-04 14:31:55,5078.68,Netbanking,DEV_8166,Kolkata,1,631,0,historical,1
TX10161,C1004,2026-07-04 21:05:55,13580.38,UPI,DEV_FRAUD_BURST_99,New York,2,310,0,historical,1
TX10462,C1015,2026-07-05 04:23:55,1867.45,UPI,DEV_5265,Noida,1,264,0,historical,0
TX10102,C1006,2026-07-05 18:47:55,8233.09,Debit Card,DEV_6033,New York,2,194,0,historical,1
TX10383,C1032,2026-07-05 18:55:55,18757.04,Credit Card,DEV_FRAUD_BURST_99,New York,2,605,0,historical,1
TX10151,C1037,2026-07-05 20:12:55,6345.03,UPI,DEV_5819,Noida,1,271,0,historical,0
TX10467,C1039,2026-07-05 20:36:55,46177.63,Wallet,DEV_9160,New York,2,113,0,historical,1
TX10079,C1033,2026-07-05 21:15:55,959.93,Credit Card,DEV_5162,Hyderabad,0,807,0,historical,0
TX10313,C1023,2026-07-06 00:00:55,4189.34,Debit Card,DEV_8670,Noida,0,458,0,historical,0
TX10109,C1012,2026-07-06 05:00:55,10228.69,Credit Card,DEV_1388,New York,1,864,0,historical,1
TX10416,C1039,2026-07-06 07:37:55,4860.62,UPI,DEV_7357,Delhi,0,113,0,historical,0
TX10038,C1018,2026-07-06 21:39:55,5786.06,Netbanking,DEV_6291,Hyderabad,0,439,0,historical,0
TX10288,C1003,2026-07-07 01:31:55,3679.44,Credit Card,DEV_5661,Delhi,0,267,0,historical,0
TX10511,C1011,2026-07-07 11:17:55,1582.91,UPI,DEV_2444,Noida,0,170,0,historical,0
TX10370,C1025,2026-07-07 15:02:55,27905.01,Netbanking,DEV_8670,Bengaluru,4,218,0,historical,1
TX10521,C1004,2026-07-07 19:50:55,12416.82,UPI,DEV_3233,London,4,310,0,historical,1
TX10424,C1009,2026-07-07 23:57:55,2519.45,UPI,DEV_4873,Bengaluru,0,292,0,historical,0
TX10229,C1015,2026-07-08 02:46:55,576.32,Wallet,DEV_5265,Chennai,0,264,0,historical,0
TX10338,C1013,2026-07-08 08:30:55,4135.82,Debit Card,DEV_9196,Pune,0,881,0,historical,0
TX10339,C1023,2026-07-08 11:13:55,13095.02,Credit Card,DEV_5265,New York,3,458,0,historical,1
TX10371,C1008,2026-07-08 13:11:55,2145.41,Debit Card,DEV_8759,Jaipur,0,556,0,historical,0
TX10319,C1027,2026-07-08 18:41:55,4132.71,Credit Card,DEV_1762,Chennai,0,646,0,historical,0
TX10293,C1039,2026-07-08 21:38:55,8687.67,Credit Card,DEV_7357,Delhi,0,113,0,historical,0
TX10497,C1002,2026-07-08 22:37:55,15256.37,Debit Card,DEV_FRAUD_BURST_99,London,2,834,0,historical,1
TX10081,C1032,2026-07-09 03:13:55,5326.47,Credit Card,DEV_4196,Bengaluru,0,605,0,historical,0
TX10096,C1006,2026-07-10 10:25:55,1790.48,Credit Card,DEV_3966,Pune,0,194,0,historical,0
TX10234,C1031,2026-07-10 11:37:55,781.01,Debit Card,DEV_8449,Delhi,0,209,0,historical,0
TX10299,C1016,2026-07-10 15:47:55,665.39,Credit Card,DEV_8823,Hyderabad,0,548,0,historical,0
TX10356,C1002,2026-07-10 19:43:55,3523.61,UPI,DEV_2802,Bengaluru,0,834,0,historical,0
TX10324,C1030,2026-07-11 00:33:55,834.02,Credit Card,DEV_2547,Gurugram,0,6,0,historical,0
TX10365,C1016,2026-07-11 00:33:55,1723.19,Netbanking,DEV_8823,Hyderabad,1,548,0,historical,0
TX10280,C1020,2026-07-11 08:39:55,5322.09,UPI,DEV_3149,Mumbai,1,875,0,historical,0
TX10490,C1000,2026-07-11 12:55:55,1908.17,UPI,DEV_6033,Gurugram,1,452,0,historical,0
TX10508,C1024,2026-07-11 14:50:55,2545.65,Debit Card,DEV_9980,Ahmedabad,0,612,0,historical,0
TX10414,C1029,2026-07-11 20:33:55,5095.07,UPI,DEV_6291,Gurugram,0,892,0,historical,0
TX10489,C1035,2026-07-11 22:17:55,2177.66,Netbanking,DEV_9508,Gurugram,1,657,0,historical,0
TX10116,C1024,2026-07-11 23:23:55,5890.99,UPI,DEV_4479,Ahmedabad,1,612,0,historical,1
TX10474,C1009,2026-07-12 01:11:55,1282.91,Credit Card,DEV_4873,Bengaluru,0,292,0,historical,0
TX10219,C1021,2026-07-12 03:44:55,1601.77,Netbanking,DEV_8161,Jaipur,0,157,0,historical,0
TX10178,C1004,2026-07-12 07:23:55,4278.2,UPI,DEV_3149,Pune,1,310,0,historical,0
TX10167,C1015,2026-07-12 08:11:55,3834.94,Wallet,DEV_3233,Chennai,2,264,0,historical,1
TX10512,C1029,2026-07-12 12:31:55,15432.26,Netbanking,DEV_2034,London,2,892,0,historical,1
TX10160,C1019,2026-07-12 12:53:55,3740.21,Credit Card,DEV_1055,Noida,3,776,0,historical,1
TX10054,C1023,2026-07-12 13:12:55,9802.02,UPI,DEV_9121,Noida,2,458,0,historical,1
TX10475,C1022,2026-07-12 13:24:55,20831.12,Credit Card,DEV_2802,Hyderabad,3,260,0,historical,1
TX10429,C1022,2026-07-12 17:46:55,4225.57,Credit Card,DEV_2802,Hyderabad,0,260,0,historical,0
TX10372,C1024,2026-07-13 02:21:55,2946.94,Debit Card,DEV_9980,Ahmedabad,0,612,0,historical,0
TX10127,C1003,2026-07-13 10:02:55,1471.49,Netbanking,DEV_5661,Delhi,0,267,0,historical,0
TX10123,C1004,2026-07-13 10:14:55,1163.57,Wallet,DEV_3149,Pune,0,310,0,historical,0
TX10420,C1001,2026-07-13 11:08:55,5241.42,Credit Card,DEV_8557,Ahmedabad,1,499,0,historical,1
TX10388,C1005,2026-07-13 11:53:55,2605.26,Credit Card,DEV_6528,London,3,54,0,historical,1
TX10347,C1033,2026-07-13 15:45:55,7256.44,Wallet,DEV_5162,Hyderabad,2,807,0,historical,1
TX10364,C1027,2026-07-13 20:22:55,34526.61,Netbanking,DEV_1762,Chennai,4,646,0,historical,1
TX10380,C1015,2026-07-14 07:22:55,6508.81,Debit Card,DEV_5265,Chennai,2,264,0,historical,1
TX10493,C1029,2026-07-14 10:17:55,26879.92,Credit Card,DEV_5197,Gurugram,2,892,0,historical,1
TX10480,C1015,2026-07-14 10:20:55,1791.71,Netbanking,DEV_5265,Chennai,1,264,0,historical,0
TX10142,C1030,2026-07-14 13:22:55,757.78,Credit Card,DEV_2547,Delhi,0,6,0,historical,0
TX10290,C1024,2026-07-14 19:44:55,1062.31,Netbanking,DEV_9980,Ahmedabad,0,612,0,historical,0
TX10203,C1036,2026-07-15 02:36:55,2660.44,Credit Card,DEV_1055,Kolkata,0,631,0,historical,0
TX10470,C1035,2026-07-15 05:47:55,3407.56,Wallet,DEV_FRAUD_BURST_99,New York,2,657,0,historical,1
TX10155,C1014,2026-07-15 07:23:55,8464.4,Wallet,DEV_8002,Noida,1,832,0,historical,1
TX10100,C1037,2026-07-15 12:37:55,22305.35,UPI,DEV_9665,London,2,271,0,historical,1
TX10333,C1012,2026-07-15 12:48:55,3097.71,UPI,DEV_5808,Mumbai,0,864,0,historical,0
TX10066,C1015,2026-07-15 13:04:55,1037.79,Wallet,DEV_5265,Chennai,0,264,0,historical,0
TX10057,C1004,2026-07-15 16:19:55,3228.43,Wallet,DEV_3149,Pune,0,310,0,historical,0
TX10449,C1003,2026-07-15 17:23:55,9925.04,Debit Card,DEV_3724,London,4,267,0,historical,1
TX10460,C1020,2026-07-15 19:09:55,2423.8,Credit Card,DEV_3149,Mumbai,0,875,0,historical,0
TX10457,C1030,2026-07-16 01:06:55,11357.91,Credit Card,DEV_2547,Gurugram,4,6,0,historical,1
TX10031,C1006,2026-07-16 06:26:55,7450.77,Credit Card,DEV_FRAUD_BURST_99,London,2,194,0,historical,1
TX10397,C1022,2026-07-16 13:59:55,11398.22,Wallet,DEV_8823,Hyderabad,3,260,0,historical,1
TX10034,C1012,2026-07-16 14:56:55,5638.6,Netbanking,DEV_8166,Mumbai,3,864,0,historical,1
TX10468,C1025,2026-07-16 16:44:55,4449.72,Debit Card,DEV_8670,Bengaluru,0,218,0,historical,0
TX10469,C1023,2026-07-16 16:59:55,15434.46,Netbanking,DEV_FRAUD_BURST_99,New York,2,458,0,historical,1
TX10197,C1033,2026-07-16 19:14:55,820.87,Credit Card,DEV_5162,Hyderabad,0,807,0,historical,0
TX10065,C1000,2026-07-16 23:19:55,1200.74,Debit Card,DEV_6033,Gurugram,1,452,0,historical,0
TX10165,C1038,2026-07-16 23:46:55,16860.97,Netbanking,DEV_9200,Noida,1,798,0,historical,0
TX10040,C1021,2026-07-17 00:31:55,5152.52,Debit Card,DEV_9200,London,1,157,0,historical,1
TX10021,C1021,2026-07-17 05:24:55,8223.29,Credit Card,DEV_4479,New York,1,157,0,historical,1
TX10386,C1004,2026-07-17 07:00:55,3494.44,Netbanking,DEV_9924,Pune,0,310,0,historical,0
TX10340,C1034,2026-07-17 12:33:55,909.21,UPI,DEV_9326,Jaipur,0,715,2,historical,0
TX10408,C1012,2026-07-17 14:29:55,10903.52,UPI,DEV_2357,New York,1,864,0,historical,1
TX10300,C1008,2026-07-17 16:18:55,15390.32,Credit Card,DEV_8759,Jaipur,5,556,0,historical,1
TX10083,C1030,2026-07-18 00:14:55,2070.68,Wallet,DEV_2547,Gurugram,0,6,0,historical,0
TX10071,C1010,2026-07-18 07:12:55,1801.9,Credit Card,DEV_1483,Delhi,0,105,0,historical,0
TX10205,C1020,2026-07-18 09:03:55,3287.86,UPI,DEV_3149,Mumbai,0,875,0,historical,0
TX10384,C1035,2026-07-18 10:07:55,1595.76,Netbanking,DEV_9508,Gurugram,0,657,0,historical,0
TX10176,C1015,2026-07-18 15:11:55,1074.25,Netbanking,DEV_5265,Chennai,0,264,0,historical,0
TX10141,C1001,2026-07-18 23:45:55,9376.48,Wallet,DEV_8002,New York,1,499,0,historical,1
TX10208,C1035,2026-07-19 00:20:55,2650.39,UPI,DEV_9508,Pune,1,657,0,historical,0
TX10276,C1034,2026-07-19 01:15:55,2111.91,Debit Card,DEV_9326,Delhi,0,715,2,historical,0
TX10496,C1019,2026-07-19 01:24:55,748.71,Debit Card,DEV_6968,Noida,0,776,0,historical,0
TX10354,C1025,2026-07-19 07:54:55,4268.3,UPI,DEV_8670,Bengaluru,0,218,0,historical,0
TX10306,C1029,2026-07-19 08:05:55,7553.73,UPI,DEV_7357,Gurugram,0,892,0,historical,0
TX10059,C1026,2026-07-19 08:36:55,2367.86,UPI,DEV_1293,Ahmedabad,0,206,0,historical,0
TX10039,C1008,2026-07-19 14:51:55,21927.97,Wallet,DEV_8759,Jaipur,3,556,0,historical,1
TX10477,C1027,2026-07-19 18:18:55,32808.18,Wallet,DEV_1388,New York,1,646,0,historical,1
TX10519,C1000,2026-07-19 20:02:55,1961.04,Credit Card,DEV_6033,Gurugram,0,452,0,historical,0
TX10104,C1010,2026-07-19 21:16:55,9029.4,Wallet,DEV_FRAUD_BURST_99,London,2,105,0,historical,1
TX10216,C1027,2026-07-20 01:41:55,5570.31,Netbanking,DEV_4196,Chennai,0,646,0,historical,0
TX10007,C1016,2026-07-20 09:36:55,2754.95,Debit Card,DEV_6188,Hyderabad,1,548,0,historical,1
TX10082,C1023,2026-07-20 16:08:55,9329.06,UPI,DEV_8759,Noida,1,458,0,historical,1
TX10374,C1029,2026-07-20 22:45:55,3126.78,Wallet,DEV_5197,Gurugram,0,892,0,historical,0
TX10479,C1037,2026-07-21 04:00:55,3522.3,Wallet,DEV_5819,Noida,0,271,0,historical,0
TX10432,C1031,2026-07-21 04:14:55,4890.53,Debit Card,DEV_8449,Delhi,2,209,0,historical,1
TX10375,C1004,2026-07-21 11:36:55,5376.94,Credit Card,DEV_3149,Bengaluru,1,310,0,historical,0
TX10358,C1008,2026-07-21 16:24:55,15819.49,Netbanking,DEV_9499,New York,4,556,0,historical,1
TX10250,C1021,2026-07-21 18:58:55,1743.08,UPI,DEV_8161,Jaipur,0,157,0,historical,0
TX10522,C1017,2026-07-22 03:01:55,2492.15,Credit Card,DEV_4026,Pune,0,601,0,historical,0
TX10277,C1001,2026-07-22 07:02:55,1561.27,UPI,DEV_7359,Ahmedabad,0,499,0,historical,0
TX10341,C1033,2026-07-23 01:59:55,6346.18,Debit Card,DEV_FRAUD_BURST_99,New York,2,807,0,historical,1
TX10297,C1009,2026-07-23 07:24:55,9859.42,UPI,DEV_FRAUD_BURST_99,New York,2,292,0,historical,1
TX10233,C1030,2026-07-23 14:02:55,1002.1,Wallet,DEV_2547,Gurugram,0,6,0,historical,0
TX10385,C1028,2026-07-23 15:21:55,2782.9,Netbanking,DEV_7359,Chennai,0,121,0,historical,0
TX10249,C1037,2026-07-24 09:35:55,5470.11,Debit Card,DEV_7764,Noida,0,271,0,historical,0
TX10041,C1028,2026-07-24 09:47:55,2762.88,Credit Card,DEV_9918,Chennai,0,121,0,historical,0
TX10189,C1032,2026-07-24 18:00:55,4342.39,Wallet,DEV_4196,Bengaluru,1,605,0,historical,0
TX10121,C1022,2026-07-24 19:38:55,12320.55,Credit Card,DEV_7992,Hyderabad,1,260,0,historical,1
TX10094,C1036,2026-07-25 07:06:55,1981.46,Credit Card,DEV_1055,Kolkata,0,631,0,historical,0
TX10056,C1002,2026-07-25 10:54:55,6174.2,Credit Card,DEV_2802,Bengaluru,1,834,0,historical,0
TX10305,C1020,2026-07-25 11:02:55,1738.81,Credit Card,DEV_3149,Mumbai,0,875,0,historical,0
TX10063,C1018,2026-07-25 13:43:55,6954.73,Debit Card,DEV_6291,Hyderabad,0,439,0,historical,0
TX10505,C1010,2026-07-25 15:21:55,5874.22,Wallet,DEV_8166,Jaipur,1,105,0,historical,1
TX10043,C1001,2026-07-25 18:45:55,12802.68,Wallet,DEV_7359,Ahmedabad,5,499,0,historical,1
TX10005,C1033,2026-07-25 21:20:55,10769.47,Debit Card,DEV_5162,Hyderabad,3,807,0,historical,1
TX10206,C1022,2026-07-25 21:49:55,16212.49,UPI,DEV_4026,Hyderabad,1,260,0,historical,1
TX10526,C1021,2026-07-26 00:31:55,6305.09,Credit Card,DEV_5808,London,3,157,0,historical,1
TX10523,C1016,2026-07-26 07:17:55,368.02,Debit Card,DEV_8823,Hyderabad,1,548,0,historical,0
TX10182,C1024,2026-07-26 08:28:55,14590.19,UPI,DEV_7279,New York,4,612,0,historical,1
TX10447,C1003,2026-07-26 11:50:55,8108.88,Wallet,DEV_8166,Delhi,3,267,0,historical,1
TX10090,C1015,2026-07-26 14:42:55,6698.89,Netbanking,DEV_5265,Chennai,2,264,0,historical,1
TX10504,C1010,2026-07-26 16:40:55,5854.24,Wallet,DEV_3724,Jaipur,2,105,0,historical,1
TX10439,C1013,2026-07-26 22:46:55,28418.73,UPI,DEV_9196,Pune,5,881,0,historical,1
TX10381,C1016,2026-07-26 22:58:55,763.69,UPI,DEV_8823,Hyderabad,0,548,0,historical,0
TX10348,C1021,2026-07-26 22:58:55,1710.38,Netbanking,DEV_8161,Jaipur,0,157,0,historical,0
TX10232,C1038,2026-07-27 10:09:55,44386.8,Debit Card,DEV_9200,Noida,5,798,0,historical,1
TX10466,C1014,2026-07-27 10:26:55,9568.63,Wallet,DEV_8823,Noida,1,832,0,historical,0
TX10239,C1000,2026-07-27 13:34:55,13458.09,Netbanking,DEV_6033,Gurugram,3,452,0,historical,1
TX10107,C1033,2026-07-27 19:26:55,1577.45,Netbanking,DEV_9121,Hyderabad,0,807,0,historical,0
TX10210,C1019,2026-07-28 00:34:55,1003.56,Netbanking,DEV_6968,Ahmedabad,0,776,0,historical,0
TX10245,C1032,2026-07-28 01:43:55,20172.49,Wallet,DEV_2130,New York,3,605,0,historical,1
TX10138,C1025,2026-07-28 04:07:55,5579.52,UPI,DEV_8670,Bengaluru,0,218,0,historical,0
TX10405,C1015,2026-07-28 05:44:55,2105.83,Credit Card,DEV_5265,Chennai,1,264,0,historical,0
TX10323,C1035,2026-07-28 07:54:55,1449.85,Credit Card,DEV_9508,Gurugram,0,657,0,historical,0
TX10378,C1000,2026-07-28 08:53:55,2085.75,Netbanking,DEV_6033,Gurugram,0,452,0,historical,0
TX10442,C1019,2026-07-28 10:45:55,3739.51,Credit Card,DEV_6968,Noida,1,776,0,historical,0
TX10243,C1015,2026-07-28 11:16:55,1719.57,Debit Card,DEV_5265,Chennai,0,264,0,historical,0
TX10507,C1030,2026-07-28 15:16:55,8688.77,Debit Card,DEV_FRAUD_BURST_99,New York,2,6,0,historical,1
TX10163,C1031,2026-07-28 15:53:55,3863.21,UPI,DEV_8449,Delhi,3,209,0,historical,1
TX10089,C1014,2026-07-28 15:55:55,5034.62,Credit Card,DEV_8823,Noida,0,832,0,historical,0
TX10495,C1017,2026-07-28 16:32:55,1922.32,Credit Card,DEV_4026,Pune,0,601,0,historical,0
TX10301,C1034,2026-07-28 17:57:55,10403.74,Netbanking,DEV_8449,London,2,715,2,historical,1
TX10438,C1026,2026-07-28 23:31:55,4291.07,Wallet,DEV_1597,Ahmedabad,2,206,0,historical,1
TX10223,C1015,2026-07-29 04:50:55,4134.38,Wallet,DEV_3724,Chennai,3,264,0,historical,1
TX10433,C1025,2026-07-29 05:18:55,3775.37,Credit Card,DEV_8670,Bengaluru,0,218,0,historical,0
TX10399,C1027,2026-07-29 05:20:55,12492.81,Credit Card,DEV_1762,Gurugram,1,646,0,historical,0
TX10298,C1033,2026-07-29 14:24:55,1766.32,Credit Card,DEV_5162,Hyderabad,0,807,0,historical,0
TX10452,C1011,2026-07-29 17:48:55,1077.33,Wallet,DEV_2444,Noida,0,170,0,historical,0
TX10335,C1010,2026-07-29 19:02:55,4866.3,Netbanking,DEV_8033,Jaipur,3,105,0,historical,1
TX10465,C1001,2026-07-29 21:24:55,2646.41,Wallet,DEV_7359,Ahmedabad,0,499,0,historical,0
TX10045,C1030,2026-07-29 22:55:55,1538.79,Debit Card,DEV_2547,Gurugram,0,6,0,historical,0
TX10411,C1011,2026-07-29 23:52:55,715.21,UPI,DEV_2444,Noida,0,170,0,historical,0
TX10296,C1001,2026-07-30 10:23:55,4980.34,Wallet,DEV_9918,Ahmedabad,1,499,0,historical,1
TX10131,C1013,2026-07-30 17:12:55,3864.74,Wallet,DEV_9196,Pune,0,881,0,historical,0
TX10095,C1031,2026-07-30 19:05:55,3979.7,UPI,DEV_8449,Delhi,2,209,0,historical,1
TX10263,C1021,2026-07-30 21:25:55,3651.79,Credit Card,DEV_8161,Jaipur,1,157,0,historical,0
TX10149,C1012,2026-07-31 06:04:55,8634.84,UPI,DEV_FRAUD_BURST_99,London,2,864,0,historical,1
TX10443,C1001,2026-07-31 06:31:55,2205.26,UPI,DEV_7359,Ahmedabad,0,499,0,historical,0
TX10315,C1013,2026-07-31 13:37:55,19658.68,UPI,DEV_FRAUD_BURST_99,London,2,881,0,historical,1
TX10195,C1029,2026-07-31 15:42:55,5398.9,Netbanking,DEV_5197,Gurugram,0,892,0,historical,0
TX10312,C1015,2026-07-31 16:12:55,3582.23,UPI,DEV_FRAUD_BURST_99,London,2,264,0,historical,1
TX10450,C1018,2026-07-31 19:05:55,3185.08,Wallet,DEV_6291,Hyderabad,0,439,0,historical,0
TX10174,C1002,2026-08-01 00:39:55,4279.98,Debit Card,DEV_2802,Bengaluru,0,834,0,historical,0
TX10124,C1021,2026-08-01 22:59:55,2574.68,Debit Card,DEV_8161,Noida,1,157,0,historical,0
TX10226,C1000,2026-08-02 02:49:55,4055.71,Debit Card,DEV_6033,Gurugram,1,452,0,historical,0
TX10464,C1030,2026-08-02 07:30:55,2482.33,Netbanking,DEV_5493,Gurugram,0,6,0,historical,0
TX10395,C1017,2026-08-02 20:29:55,2160.67,Debit Card,DEV_4026,Pune,0,601,0,historical,0
TX10273,C1017,2026-08-03 00:39:55,3085.0,Debit Card,DEV_4026,Pune,0,601,0,historical,0
TX10004,C1010,2026-08-03 08:42:55,3956.52,Credit Card,DEV_1483,Jaipur,1,105,0,historical,0
TX10152,C1002,2026-08-03 08:52:55,11771.42,Credit Card,DEV_7992,New York,3,834,0,historical,1
TX10003,C1002,2026-08-03 09:30:55,2455.17,UPI,DEV_2802,Bengaluru,0,834,0,historical,0
TX10403,C1013,2026-08-03 12:07:55,2883.09,Netbanking,DEV_9196,Pune,0,881,0,historical,0
TX10256,C1018,2026-08-03 20:41:55,5108.49,Wallet,DEV_6291,Hyderabad,0,439,0,historical,0
TX10453,C1033,2026-08-03 23:09:55,5745.48,UPI,DEV_1055,London,1,807,0,historical,1
TX10225,C1031,2026-08-04 02:43:55,2404.92,Netbanking,DEV_5745,Delhi,2,209,0,historical,1
TX10410,C1007,2026-08-04 04:39:55,5870.74,Credit Card,DEV_FRAUD_BURST_99,London,2,608,0,historical,1
TX10473,C1009,2026-08-04 17:09:55,2962.14,UPI,DEV_4873,Bengaluru,0,292,0,historical,0
TX10136,C1029,2026-08-04 17:58:55,24198.26,Debit Card,DEV_6578,New York,3,892,0,historical,1
TX10166,C1011,2026-08-05 07:55:55,3894.8,Netbanking,DEV_8670,Noida,1,170,0,historical,1
TX10036,C1013,2026-08-05 14:47:55,15402.07,Debit Card,DEV_FRAUD_BURST_99,New York,2,881,0,historical,1
TX10008,C1037,2026-08-05 17:52:55,1836.96,Credit Card,DEV_5819,Hyderabad,0,271,0,historical,0
TX10025,C1018,2026-08-05 19:11:55,33566.28,Netbanking,DEV_6291,Hyderabad,3,439,0,historical,1
TX10175,C1034,2026-08-05 22:39:55,10860.24,Netbanking,DEV_9665,New York,3,715,2,historical,1
TX10350,C1004,2026-08-06 00:21:55,4285.75,Wallet,DEV_3149,Ahmedabad,1,310,0,historical,0
TX10068,C1033,2026-08-06 04:25:55,1421.15,Debit Card,DEV_5162,Hyderabad,0,807,0,historical,0
TX10387,C1002,2026-08-06 11:28:55,1277.18,Credit Card,DEV_2802,Bengaluru,0,834,0,historical,0
TX10172,C1022,2026-08-06 12:55:55,10637.77,UPI,DEV_4026,Hyderabad,2,260,0,historical,1
TX10133,C1034,2026-08-06 16:17:55,9718.98,Netbanking,DEV_FRAUD_BURST_99,London,2,715,2,historical,1
TX10308,C1015,2026-08-06 19:30:55,807.33,Wallet,DEV_5265,Chennai,0,264,0,historical,0
TX10377,C1014,2026-08-06 21:30:55,27932.26,Netbanking,DEV_8823,Noida,3,832,0,historical,1
TX10170,C1009,2026-08-07 05:20:55,6395.03,Debit Card,DEV_4873,Bengaluru,1,292,0,historical,0
TX10032,C1026,2026-08-07 08:03:55,1352.77,Wallet,DEV_8033,Ahmedabad,0,206,0,historical,0
TX10488,C1014,2026-08-07 08:32:55,27938.87,UPI,DEV_8823,Noida,2,832,0,historical,1
TX10247,C1033,2026-08-07 11:32:55,8516.32,Debit Card,DEV_3233,London,1,807,0,historical,1
TX10228,C1011,2026-08-07 12:05:55,878.24,Credit Card,DEV_2444,Noida,0,170,0,historical,0
TX10185,C1023,2026-08-08 02:29:55,2437.82,UPI,DEV_8823,Noida,0,458,0,historical,0
TX10196,C1030,2026-08-08 07:29:55,8099.69,UPI,DEV_3149,New York,2,6,0,historical,1
TX10064,C1019,2026-08-08 08:53:55,8741.97,Credit Card,DEV_6968,Noida,4,776,0,historical,1
TX10017,C1004,2026-08-08 09:26:55,3015.53,Credit Card,DEV_2130,Pune,0,310,0,historical,0
TX10445,C1005,2026-08-08 11:06:55,3258.67,UPI,DEV_9508,London,3,54,0,historical,1
TX10035,C1034,2026-08-09 00:18:55,7015.9,Netbanking,DEV_FRAUD_BURST_99,New York,2,715,2,historical,1
TX10311,C1010,2026-08-09 00:31:55,6823.06,Netbanking,DEV_4799,New York,3,105,0,historical,1
TX10513,C1035,2026-08-09 01:15:55,818.01,UPI,DEV_9508,Gurugram,0,657,0,historical,0
TX10242,C1027,2026-08-09 08:58:55,5181.0,Netbanking,DEV_1762,Jaipur,0,646,0,historical,0
TX10261,C1000,2026-08-09 12:06:55,5609.02,Wallet,DEV_2547,Gurugram,2,452,0,historical,1
TX10236,C1033,2026-08-09 13:13:55,2661.98,UPI,DEV_5162,Hyderabad,1,807,0,historical,0
TX10264,C1011,2026-08-09 17:27:55,1739.63,UPI,DEV_2444,Noida,0,170,0,historical,0
TX10267,C1035,2026-08-09 18:15:55,6490.22,UPI,DEV_FRAUD_BURST_99,London,2,657,0,historical,1
TX10524,C1024,2026-08-10 03:15:55,3390.76,Netbanking,DEV_9499,Ahmedabad,0,612,0,historical,0
TX10238,C1028,2026-08-10 14:16:55,3493.98,UPI,DEV_7359,Noida,0,121,0,historical,0
TX10048,C1025,2026-08-10 21:40:55,23101.58,UPI,DEV_8670,Bengaluru,3,218,0,historical,1
TX10271,C1018,2026-08-11 04:07:55,15888.31,Netbanking,DEV_6548,Hyderabad,1,439,0,historical,1
TX10200,C1037,2026-08-11 08:59:55,4332.72,Debit Card,DEV_5819,Noida,0,271,0,historical,0
TX10499,C1001,2026-08-11 12:21:55,3224.74,Netbanking,DEV_7359,Ahmedabad,0,499,0,historical,0
TX10058,C1025,2026-08-11 14:52:55,15772.1,Credit Card,DEV_8557,New York,1,218,0,historical,1
TX10407,C1011,2026-08-11 20:49:55,10642.03,Wallet,DEV_2444,Noida,4,170,0,historical,1
TX10118,C1038,2026-08-11 22:36:55,3611.45,Credit Card,DEV_9200,Noida,0,798,0,historical,0
TX10444,C1014,2026-08-12 07:48:55,7518.92,UPI,DEV_8823,Noida,1,832,0,historical,0
TX10366,C1032,2026-08-12 12:03:55,15963.99,Credit Card,DEV_FRAUD_BURST_99,London,2,605,0,historical,1
TX10019,C1021,2026-08-12 13:17:55,2409.05,Debit Card,DEV_8161,Bengaluru,1,157,0,historical,0
TX10188,C1008,2026-08-12 13:39:55,1533.92,Debit Card,DEV_8759,Jaipur,0,556,0,historical,0
TX10220,C1024,2026-08-13 01:07:55,3657.03,Credit Card,DEV_9980,Ahmedabad,0,612,0,historical,0
TX10286,C1002,2026-08-13 04:46:55,15923.48,Debit Card,DEV_2802,London,4,834,0,historical,1
TX10192,C1033,2026-08-13 12:38:55,5904.52,Debit Card,DEV_8166,New York,1,807,0,historical,1
TX10331,C1037,2026-08-13 16:16:55,29086.12,UPI,DEV_5819,Noida,3,271,0,historical,1
TX10105,C1016,2026-08-13 19:14:55,1426.17,Debit Card,DEV_8823,Mumbai,1,548,0,historical,0
TX10484,C1008,2026-08-13 19:54:55,13042.5,Credit Card,DEV_FRAUD_BURST_99,London,2,556,0,historical,1
TX10428,C1011,2026-08-14 04:57:55,3227.91,UPI,DEV_3149,Noida,2,170,0,historical,1
TX10012,C1032,2026-08-14 08:14:55,8267.11,Credit Card,DEV_4196,Bengaluru,1,605,0,historical,0
TX10159,C1022,2026-08-14 12:42:55,3793.18,Credit Card,DEV_2802,Hyderabad,0,260,0,historical,0
TX10158,C1035,2026-08-14 13:10:55,4234.66,Credit Card,DEV_3966,London,2,657,0,historical,1
TX10051,C1016,2026-08-14 14:52:55,599.68,Netbanking,DEV_8823,Hyderabad,0,548,0,historical,0
TX10077,C1013,2026-08-14 16:15:55,7967.54,Debit Card,DEV_3149,Pune,3,881,0,historical,1
TX10506,C1033,2026-08-15 02:03:55,2019.65,Wallet,DEV_5162,Hyderabad,0,807,0,historical,0
TX10451,C1003,2026-08-15 02:43:55,15799.02,Debit Card,DEV_5745,London,1,267,0,historical,1
TX10421,C1037,2026-08-15 05:22:55,14927.41,Wallet,DEV_FRAUD_BURST_99,New York,2,271,0,historical,1
TX10262,C1028,2026-08-15 17:37:55,15723.56,Netbanking,DEV_7359,London,1,121,0,historical,1
TX10357,C1031,2026-08-15 17:50:55,3123.02,Wallet,DEV_3233,London,4,209,0,historical,1
TX10252,C1025,2026-08-15 18:08:55,2067.26,UPI,DEV_8670,Bengaluru,0,218,0,historical,0
TX10114,C1010,2026-08-15 20:15:55,4104.48,Netbanking,DEV_1483,Jaipur,1,105,0,historical,0
TX10224,C1034,2026-08-15 20:51:55,7285.82,Debit Card,DEV_FRAUD_BURST_99,New York,2,715,2,historical,1
TX10266,C1025,2026-08-16 03:02:55,1829.56,Credit Card,DEV_8670,Mumbai,0,218,0,historical,0
TX10255,C1007,2026-08-16 21:57:55,1123.46,Wallet,DEV_1483,Bengaluru,0,608,0,historical,0
TX10281,C1015,2026-08-17 05:55:55,1354.0,Netbanking,DEV_5265,Chennai,0,264,0,historical,0
TX10046,C1016,2026-08-17 17:02:55,1977.15,Debit Card,DEV_5162,Hyderabad,1,548,0,historical,1
TX10458,C1035,2026-08-17 18:53:55,2922.69,Wallet,DEV_9508,Gurugram,1,657,0,historical,0
TX10302,C1022,2026-08-17 21:16:55,23261.46,Wallet,DEV_FRAUD_BURST_99,New York,2,260,0,historical,1
TX10471,C1024,2026-08-18 07:42:55,4313.89,Debit Card,DEV_5197,Ahmedabad,0,612,0,historical,0
TX10291,C1034,2026-08-18 15:07:55,1290.23,Credit Card,DEV_9326,Jaipur,0,715,2,historical,0
TX10044,C1007,2026-08-18 20:34:55,5187.71,Debit Card,DEV_1762,New York,3,608,0,historical,1
TX10390,C1002,2026-08-19 03:33:55,1793.32,UPI,DEV_2802,Bengaluru,0,834,0,historical,0
TX10362,C1030,2026-08-19 04:12:55,10869.6,Credit Card,DEV_4167,New York,3,6,0,historical,1
TX10187,C1015,2026-08-19 07:13:55,4002.6,Wallet,DEV_6548,Chennai,1,264,0,historical,1
TX10510,C1014,2026-08-19 07:51:55,6414.16,Debit Card,DEV_8823,Noida,1,832,0,historical,0
TX10307,C1013,2026-08-19 08:07:55,14615.43,Wallet,DEV_FRAUD_BURST_99,London,2,881,0,historical,1
TX10485,C1035,2026-08-19 09:00:55,1126.96,Debit Card,DEV_9508,Gurugram,0,657,0,historical,0
TX10171,C1023,2026-08-19 09:42:55,6959.93,Netbanking,DEV_8823,Noida,1,458,0,historical,0
TX10099,C1005,2026-08-19 11:11:55,2276.08,Netbanking,DEV_FRAUD_BURST_99,New York,2,54,0,historical,1
TX10270,C1038,2026-08-19 12:20:55,14277.3,Credit Card,DEV_4912,Noida,2,798,0,historical,1
TX10518,C1027,2026-08-19 13:36:55,11274.14,UPI,DEV_1762,Chennai,1,646,0,historical,0
TX10241,C1013,2026-08-19 13:57:55,20184.92,Netbanking,DEV_9196,Pune,5,881,0,historical,1
TX10368,C1038,2026-08-19 14:42:55,18102.87,Netbanking,DEV_5819,Noida,2,798,0,historical,1
TX10231,C1022,2026-08-19 14:51:55,5269.52,UPI,DEV_2802,Hyderabad,0,260,0,historical,0
TX10459,C1024,2026-08-19 16:00:55,1051.09,Debit Card,DEV_9326,Ahmedabad,0,612,0,historical,0
TX10321,C1027,2026-08-19 18:15:55,7139.8,Netbanking,DEV_1762,Chennai,0,646,0,historical,0
TX10030,C1039,2026-08-20 00:49:55,11819.97,Netbanking,DEV_7357,Delhi,0,113,0,historical,0
TX10078,C1021,2026-08-20 08:07:55,5492.05,Debit Card,DEV_8449,New York,2,157,0,historical,1
TX10126,C1026,2026-08-20 09:16:55,3163.34,Debit Card,DEV_5197,Ahmedabad,3,206,0,historical,1
TX10391,C1015,2026-08-20 19:25:55,8125.45,Netbanking,DEV_5265,Chennai,4,264,0,historical,1
TX10181,C1016,2026-08-21 03:09:55,625.29,Debit Card,DEV_8823,Hyderabad,0,548,0,historical,0
TX10352,C1002,2026-08-21 03:19:55,1502.67,UPI,DEV_2802,Bengaluru,0,834,0,historical,0
TX10309,C1037,2026-08-21 06:15:55,22276.88,Credit Card,DEV_7764,London,3,271,0,historical,1
TX10389,C1007,2026-08-21 08:06:55,1586.26,Wallet,DEV_1483,Bengaluru,0,608,0,historical,0
TX10336,C1031,2026-08-21 08:32:55,4676.87,Netbanking,DEV_8449,Delhi,4,209,0,historical,1
TX10244,C1002,2026-08-21 12:43:55,7010.57,Wallet,DEV_2802,Bengaluru,1,834,0,historical,0
TX10295,C1039,2026-08-21 14:02:55,7929.06,Netbanking,DEV_7357,Delhi,0,113,0,historical,0
TX10351,C1029,2026-08-21 23:53:55,5623.49,Credit Card,DEV_5197,Gurugram,0,892,0,historical,0
TX10361,C1007,2026-08-22 02:54:55,549.14,Credit Card,DEV_5745,Bengaluru,0,608,0,historical,0
TX10150,C1014,2026-08-22 05:25:55,4175.44,Netbanking,DEV_9194,Noida,0,832,0,historical,0
TX10289,C1005,2026-08-22 05:31:55,738.79,Wallet,DEV_9200,Kolkata,0,54,0,historical,0
TX10515,C1039,2026-08-22 14:03:55,6668.19,UPI,DEV_7357,Delhi,0,113,0,historical,0
TX10392,C1032,2026-08-22 18:13:55,3304.21,Wallet,DEV_9160,Bengaluru,0,605,0,historical,0
TX10440,C1014,2026-08-22 23:12:55,19350.01,UPI,DEV_8823,Noida,2,832,0,historical,1
TX10209,C1029,2026-08-23 03:03:55,16436.39,Credit Card,DEV_6033,Gurugram,2,892,0,historical,1
TX10235,C1036,2026-08-23 08:49:55,11172.54,Wallet,DEV_FRAUD_BURST_99,London,2,631,0,historical,1
TX10016,C1010,2026-08-23 10:53:55,6581.93,Wallet,DEV_FRAUD_BURST_99,London,2,105,0,historical,1
TX10322,C1021,2026-08-23 11:26:55,1732.11,Credit Card,DEV_8161,Jaipur,0,157,0,historical,0
TX10137,C1031,2026-08-23 18:00:55,1542.31,Credit Card,DEV_8449,Delhi,1,209,0,historical,0
TX10400,C1032,2026-08-23 21:27:55,3106.49,Wallet,DEV_4196,Bengaluru,0,605,0,historical,0
TX10091,C1039,2026-08-23 21:31:55,33943.59,Wallet,DEV_5933,London,1,113,0,historical,1
TX10327,C1024,2026-08-23 23:18:55,15960.96,Debit Card,DEV_5661,London,3,612,0,historical,1
TX10207,C1032,2026-08-24 01:09:55,3727.34,Netbanking,DEV_4196,Bengaluru,1,605,0,historical,0
TX10472,C1038,2026-08-24 06:43:55,17270.02,Netbanking,DEV_9326,Noida,2,798,0,historical,1
TX10074,C1014,2026-08-24 08:11:55,14997.65,Debit Card,DEV_9980,London,2,832,0,historical,1
TX10367,C1031,2026-08-24 14:06:55,456.25,Debit Card,DEV_8449,Delhi,0,209,0,historical,0
TX10164,C1019,2026-08-24 16:07:55,8843.99,Netbanking,DEV_6968,Noida,3,776,0,historical,1
TX10169,C1008,2026-08-24 16:18:55,3852.75,Wallet,DEV_4167,Jaipur,0,556,0,historical,0
TX10500,C1037,2026-08-25 01:49:55,13902.19,Wallet,DEV_FRAUD_BURST_99,New York,2,271,0,historical,1
TX10122,C1019,2026-08-25 02:36:55,3237.36,Debit Card,DEV_4026,Noida,0,776,0,historical,0
TX10423,C1020,2026-08-25 09:48:55,5036.4,UPI,DEV_3149,Mumbai,1,875,0,historical,0
TX10278,C1015,2026-08-25 11:29:55,6243.27,UPI,DEV_FRAUD_BURST_99,New York,2,264,0,historical,1
TX10047,C1028,2026-08-25 20:16:55,1397.41,UPI,DEV_7359,Chennai,0,121,0,historical,0
TX10194,C1012,2026-08-26 08:40:55,9239.44,Credit Card,DEV_3776,London,2,864,0,historical,1
TX10125,C1018,2026-08-26 18:23:55,6752.11,Netbanking,DEV_6495,Hyderabad,0,439,0,historical,0
TX10426,C1013,2026-08-26 20:18:55,1761.11,UPI,DEV_9196,Pune,0,881,0,historical,0
TX10024,C1003,2026-08-26 22:25:55,18095.33,UPI,DEV_5661,Delhi,3,267,0,historical,1
TX10002,C1016,2026-08-27 01:57:55,4254.28,Debit Card,DEV_9160,New York,1,548,0,historical,1
TX10135,C1006,2026-08-27 14:40:55,2242.1,Netbanking,DEV_3966,Jaipur,1,194,0,historical,0
TX10517,C1035,2026-08-27 19:39:55,1070.02,Wallet,DEV_9508,Gurugram,0,657,0,historical,0
TX10486,C1027,2026-08-28 04:51:55,4808.54,UPI,DEV_1762,Chennai,0,646,0,historical,0
TX10483,C1024,2026-08-28 06:33:55,12021.16,Wallet,DEV_9980,Ahmedabad,3,612,0,historical,1
TX10455,C1009,2026-08-28 07:10:55,1886.97,Netbanking,DEV_4873,Bengaluru,0,292,0,historical,0
TX10501,C1012,2026-08-28 16:37:55,1830.75,UPI,DEV_5808,Delhi,0,864,0,historical,0
TX10427,C1014,2026-08-29 00:43:55,6332.03,Credit Card,DEV_8823,Hyderabad,1,832,0,historical,0
TX10430,C1009,2026-08-29 02:07:55,15191.27,Debit Card,DEV_7956,London,1,292,0,historical,1
TX10434,C1021,2026-08-29 08:23:55,2271.83,Debit Card,DEV_4026,Jaipur,0,157,0,historical,0
TX10015,C1015,2026-08-29 12:53:55,8572.97,Netbanking,DEV_5265,Chennai,3,264,0,historical,1
TX10292,C1017,2026-08-29 23:00:55,12627.25,Debit Card,DEV_3233,London,2,601,0,historical,1
TX10230,C1013,2026-08-30 02:20:55,19474.7,Debit Card,DEV_6495,New York,4,881,0,historical,1
TX10218,C1010,2026-08-30 03:48:55,5865.8,UPI,DEV_1429,Jaipur,3,105,0,historical,1
TX10237,C1019,2026-08-30 03:50:55,11316.3,Netbanking,DEV_8823,London,2,776,0,historical,1
TX10120,C1035,2026-08-30 09:15:55,3753.88,Wallet,DEV_FRAUD_BURST_99,London,2,657,0,historical,1
TX10157,C1008,2026-08-30 12:10:55,7088.57,UPI,DEV_8759,Jaipur,1,556,0,historical,0
TX10014,C1025,2026-08-30 15:12:55,1865.03,Debit Card,DEV_8670,Bengaluru,0,218,0,historical,0
TX10527,C1010,2026-08-30 16:16:55,914.25,Netbanking,DEV_1483,Jaipur,0,105,0,historical,0
TX10316,C1037,2026-08-30 19:30:55,2827.22,UPI,DEV_5661,Noida,0,271,0,historical,0
TX10093,C1028,2026-08-30 20:53:55,1437.03,Credit Card,DEV_7359,Noida,0,121,0,historical,0
TX10310,C1002,2026-08-31 06:50:55,6193.72,Credit Card,DEV_6528,Bengaluru,1,834,0,historical,1
TX10476,C1016,2026-08-31 07:16:55,3436.1,Debit Card,DEV_8823,Hyderabad,3,548,0,historical,1
TX10346,C1000,2026-08-31 09:59:55,14505.86,Wallet,DEV_6033,Gurugram,5,452,0,historical,1
TX10177,C1035,2026-08-31 11:30:55,592.09,Netbanking,DEV_9508,Gurugram,0,657,0,historical,0
TX10282,C1014,2026-08-31 11:50:55,2792.83,Netbanking,DEV_8823,Noida,1,832,0,historical,0
TX10009,C1033,2026-08-31 11:58:55,721.26,Netbanking,DEV_5162,Hyderabad,0,807,0,historical,0
TX10359,C1019,2026-08-31 12:13:55,1804.29,Debit Card,DEV_6968,Noida,0,776,0,historical,0
TX10050,C1017,2026-08-31 13:38:55,2025.27,UPI,DEV_4026,Pune,0,601,0,historical,0
TX10304,C1023,2026-08-31 21:24:55,7973.38,Wallet,DEV_7279,Noida,3,458,0,historical,1
TX10260,C1033,2026-09-01 01:20:55,4847.84,UPI,DEV_3776,Hyderabad,1,807,0,historical,1
TX10415,C1022,2026-09-01 03:15:55,16391.94,Wallet,DEV_1293,Hyderabad,1,260,0,historical,1
TX10193,C1034,2026-09-01 08:12:55,1187.77,UPI,DEV_9326,Delhi,0,715,2,historical,0
TX10363,C1029,2026-09-01 15:34:55,20121.02,Credit Card,DEV_FRAUD_BURST_99,London,2,892,0,historical,1
TX10001,C1007,2026-09-01 17:33:55,564.86,Netbanking,DEV_1483,Bengaluru,0,608,0,historical,0
TX10487,C1034,2026-09-01 22:00:55,964.6,Debit Card,DEV_9326,Delhi,0,715,2,historical,0
TX10153,C1006,2026-09-01 22:44:55,1636.88,Credit Card,DEV_3966,Pune,0,194,0,historical,0
TX10482,C1020,2026-09-02 06:09:55,2793.96,Credit Card,DEV_3149,Mumbai,0,875,0,historical,0
TX10073,C1002,2026-09-02 10:24:55,15737.78,Credit Card,DEV_6033,London,2,834,0,historical,1
TX10287,C1026,2026-09-02 12:40:55,9808.87,Debit Card,DEV_2130,London,4,206,0,historical,1
TX10285,C1038,2026-09-02 16:17:55,11171.45,Credit Card,DEV_4912,Noida,1,798,0,historical,1
TX10516,C1032,2026-09-02 18:54:55,15993.89,Netbanking,DEV_FRAUD_BURST_99,London,2,605,0,historical,1
TX10204,C1026,2026-09-02 20:05:55,1549.62,UPI,DEV_1293,Ahmedabad,0,206,0,historical,0
TX10294,C1039,2026-09-03 02:55:55,35029.03,Wallet,DEV_4912,London,3,113,0,historical,1
TX10222,C1004,2026-09-03 04:37:55,10308.8,Debit Card,DEV_9160,New York,4,310,0,historical,1
TX10436,C1019,2026-09-03 06:27:55,1591.44,UPI,DEV_6968,Noida,0,776,0,historical,0
TX10061,C1026,2026-09-03 06:54:55,1528.68,Credit Card,DEV_9196,Ahmedabad,0,206,0,historical,0
TX10112,C1021,2026-09-03 14:07:55,10215.87,Netbanking,DEV_8161,Jaipur,4,157,0,historical,1
TX10355,C1022,2026-09-03 15:46:55,2345.98,Wallet,DEV_2802,Hyderabad,1,260,0,historical,0
TX10080,C1006,2026-09-03 17:13:55,2187.17,UPI,DEV_3966,Chennai,0,194,0,historical,0
TX10583,C1015,2026-09-03 18:03:55,2676.77,Wallet,DEV_5265,Chennai,1,264,0,current,0
TX10577,C1016,2026-09-03 18:06:55,2431.4,Wallet,DEV_FRAUD_BURST_99,New York,2,548,0,current,1
TX10584,C1003,2026-09-03 18:16:55,3834.86,Wallet,DEV_5661,Gurugram,1,267,0,current,0
TX10568,C1023,2026-09-03 18:42:55,4294.7,Credit Card,DEV_8823,Noida,0,458,0,current,0
TX10559,C1020,2026-09-03 19:09:55,10925.38,Wallet,DEV_3149,Mumbai,2,875,0,current,1
TX10540,C1039,2026-09-03 19:12:55,6523.65,Netbanking,DEV_7357,Delhi,0,113,0,current,0
TX10547,C1021,2026-09-03 19:39:55,1329.68,Debit Card,DEV_8161,Gurugram,0,157,0,current,0
TX10566,C1020,2026-09-03 19:44:55,3397.54,Debit Card,DEV_8759,Mumbai,0,875,0,current,0
TX10534,C1007,2026-09-03 20:04:55,1311.56,Credit Card,DEV_1483,Bengaluru,0,608,0,current,0
TX10594,C1023,2026-09-03 20:11:55,7273.41,Wallet,DEV_5745,Noida,1,458,0,current,1
TX10574,C1037,2026-09-03 20:12:55,21003.8,Credit Card,DEV_5162,London,2,271,0,current,1
TX10556,C1019,2026-09-03 20:56:55,14273.58,Credit Card,DEV_6968,Noida,3,776,0,current,1
TX10545,C1026,2026-09-03 21:14:55,1329.52,Credit Card,DEV_1293,Ahmedabad,0,206,0,current,0
TX10530,C1028,2026-09-03 21:37:55,1421.83,Debit Card,DEV_7359,Chennai,0,121,0,current,0
TX10492,C1022,2026-09-03 21:45:55,8523.01,Wallet,DEV_2802,Hyderabad,1,260,0,historical,0
TX10573,C1031,2026-09-03 21:50:55,1215.53,Wallet,DEV_8449,Pune,1,209,0,current,0
TX10551,C1015,2026-09-03 21:54:55,1550.68,Debit Card,DEV_5265,Chennai,0,264,0,current,0
TX10593,C1014,2026-09-03 22:33:55,7841.36,Wallet,DEV_8823,Noida,1,832,0,current,0
TX10571,C1012,2026-09-03 22:58:55,2559.76,UPI,DEV_5808,Mumbai,0,864,0,current,0
TX10596,C1027,2026-09-03 23:05:55,6678.72,Debit Card,DEV_1293,Chennai,0,646,0,current,0
TX10535,C1022,2026-09-03 23:34:55,24613.77,Netbanking,DEV_FRAUD_BURST_99,London,2,260,0,current,1
TX10548,C1019,2026-09-04 00:08:55,4489.97,Netbanking,DEV_6968,Noida,1,776,0,current,0
TX10543,C1034,2026-09-04 00:46:55,1996.69,Credit Card,DEV_9326,Delhi,0,715,2,current,0
TX10597,C1022,2026-09-04 01:14:55,33341.28,Debit Card,DEV_2802,Hyderabad,5,260,0,current,1
TX10580,C1023,2026-09-04 01:21:55,14282.43,Netbanking,DEV_9200,New York,2,458,0,current,1
TX10528,C1009,2026-09-04 01:27:55,2656.74,Netbanking,DEV_4873,Bengaluru,0,292,0,current,0
TX10537,C1018,2026-09-04 01:29:55,4156.86,UPI,DEV_6291,Hyderabad,0,439,0,current,0
TX10590,C1032,2026-09-04 02:11:55,3923.71,Debit Card,DEV_4196,Bengaluru,0,605,0,current,0
TX10598,C1004,2026-09-04 02:15:55,2388.67,Debit Card,DEV_3149,Pune,0,310,0,current,0
TX10582,C1006,2026-09-04 02:27:55,1879.43,Wallet,DEV_3966,Pune,0,194,0,current,0
TX10085,C1023,2026-09-04 02:31:55,3817.67,Netbanking,DEV_8823,Noida,0,458,0,historical,0
TX10546,C1009,2026-09-04 02:33:55,1626.02,Debit Card,DEV_4873,Bengaluru,0,292,0,current,0
TX10110,C1030,2026-09-04 03:04:55,13192.56,Debit Card,DEV_2547,Gurugram,5,6,0,historical,1
TX10564,C1027,2026-09-04 03:25:55,8258.47,Wallet,DEV_1762,Delhi,1,646,0,current,0
TX10544,C1028,2026-09-04 03:51:55,1090.85,Credit Card,DEV_7359,Chennai,0,121,0,current,0
TX10587,C1003,2026-09-04 04:03:55,1930.74,UPI,DEV_5661,Delhi,0,267,0,current,0
TX10561,C1007,2026-09-04 04:03:55,4326.5,Credit Card,DEV_9665,Bengaluru,1,608,0,current,1
TX10558,C1025,2026-09-04 04:07:55,7772.86,Wallet,DEV_3966,Bengaluru,1,218,0,current,1
TX10599,C1000,2026-09-04 05:02:55,6607.21,Credit Card,DEV_5162,Gurugram,3,452,0,current,1
TX10539,C1028,2026-09-04 05:25:55,12079.0,Wallet,DEV_FRAUD_BURST_99,New York,2,121,0,current,1
TX10565,C1019,2026-09-04 05:51:55,11440.31,Wallet,DEV_6968,Noida,3,776,0,current,1
TX10536,C1022,2026-09-04 06:04:55,2357.13,Netbanking,DEV_2802,Hyderabad,0,260,0,current,0
TX10567,C1003,2026-09-04 07:06:55,3758.32,Debit Card,DEV_5933,Delhi,0,267,0,current,0
TX10592,C1015,2026-09-04 07:55:55,875.97,Debit Card,DEV_5265,Chennai,0,264,0,current,0
TX10330,C1001,2026-09-04 08:26:55,9498.63,Debit Card,DEV_FRAUD_BURST_99,New York,2,499,0,historical,1
TX10552,C1025,2026-09-04 08:31:55,1701.3,Credit Card,DEV_9924,Bengaluru,0,218,0,current,0
TX10557,C1007,2026-09-04 08:48:55,1352.77,UPI,DEV_1483,Bengaluru,0,608,0,current,0
TX10550,C1016,2026-09-04 09:03:55,2627.56,Wallet,DEV_FRAUD_BURST_99,New York,2,548,0,current,1
TX10563,C1007,2026-09-04 09:04:55,698.02,Netbanking,DEV_1483,Bengaluru,0,608,0,current,0
TX10576,C1039,2026-09-04 09:05:55,11777.01,Wallet,DEV_5265,Delhi,0,113,0,current,0
TX10148,C1035,2026-09-04 09:17:55,3419.45,Debit Card,DEV_FRAUD_BURST_99,London,2,657,0,historical,1
TX10570,C1026,2026-09-04 09:30:55,2160.72,Wallet,DEV_1293,Ahmedabad,0,206,0,current,0
TX10542,C1036,2026-09-04 09:48:55,6594.35,Wallet,DEV_FRAUD_BURST_99,New York,2,631,0,current,1
TX10538,C1019,2026-09-04 10:10:55,7118.82,Netbanking,DEV_5745,London,4,776,0,current,1
TX10588,C1010,2026-09-04 10:39:55,5432.39,Credit Card,DEV_9980,Jaipur,1,105,0,current,1
TX10575,C1017,2026-09-04 10:59:55,7304.41,Debit Card,DEV_3233,New York,2,601,0,current,1
TX10595,C1032,2026-09-04 11:48:55,12029.19,Wallet,DEV_FRAUD_BURST_99,London,2,605,0,current,1
TX10553,C1025,2026-09-04 11:51:55,3440.56,Netbanking,DEV_8670,Bengaluru,0,218,0,current,0
TX10531,C1009,2026-09-04 12:00:55,5019.38,UPI,DEV_4873,Bengaluru,1,292,0,current,0
TX10569,C1032,2026-09-04 12:14:55,4778.03,Credit Card,DEV_4196,Bengaluru,0,605,0,current,0
TX10549,C1030,2026-09-04 12:19:55,1092.41,Debit Card,DEV_2547,Gurugram,0,6,0,current,0
TX10562,C1007,2026-09-04 13:10:55,822.76,Netbanking,DEV_1483,Bengaluru,0,608,0,current,0
TX10529,C1019,2026-09-04 13:33:55,4808.66,Credit Card,DEV_4479,Noida,2,776,0,current,1
TX10585,C1011,2026-09-04 13:44:55,629.68,Credit Card,DEV_2444,Noida,0,170,0,current,0
TX10591,C1012,2026-09-04 13:45:55,1415.15,Credit Card,DEV_5808,Mumbai,0,864,0,current,0
TX10589,C1030,2026-09-04 13:46:55,2452.0,Credit Card,DEV_2357,Gurugram,0,6,0,current,0
TX10532,C1000,2026-09-04 14:05:55,1468.51,Credit Card,DEV_6033,Gurugram,0,452,0,current,0
TX10533,C1002,2026-09-04 14:14:55,2694.45,Debit Card,DEV_2802,Bengaluru,0,834,0,current,0
TX10579,C1032,2026-09-04 14:15:55,14944.68,UPI,DEV_FRAUD_BURST_99,London,2,605,0,current,1
TX10129,C1004,2026-09-04 14:43:55,1604.16,Netbanking,DEV_3149,Pune,0,310,0,historical,0
TX10581,C1037,2026-09-04 15:38:55,1671.31,Wallet,DEV_5819,Noida,0,271,0,current,0
TX10586,C1002,2026-09-04 15:48:55,2955.67,Credit Card,DEV_2802,Bengaluru,0,834,0,current,0
TX10572,C1019,2026-09-04 15:49:55,1925.88,Wallet,DEV_6968,Noida,0,776,0,current,0
TX10560,C1034,2026-09-04 15:52:55,4332.6,Credit Card,DEV_2034,Delhi,2,715,2,current,1
TX10554,C1015,2026-09-04 15:56:55,4259.0,Netbanking,DEV_6495,Chennai,3,264,0,current,1
TX10541,C1027,2026-09-04 16:05:55,35142.1,UPI,DEV_8002,London,2,646,0,current,1
TX10555,C1004,2026-09-04 16:21:55,3056.91,Wallet,DEV_3149,Pune,0,310,0,current,0
TX10578,C1026,2026-09-04 17:06:55,1851.1,Credit Card,DEV_1293,Ahmedabad,0,206,0,current,0
TX10502,C1023,2026-09-04 17:33:55,2304.82,Credit Card,DEV_8823,Noida,0,458,0,historical,0
